{
  "seg": [
    16.62447452545166,
    20.8719220161438,
    16.86441922187805,
    13.761826992034912,
    13.449439764022827,
    8.381114721298218,
    8.575073719024658,
    8.106795072555542,
    8.194310903549194,
    8.30400037765503,
    11.547433614730835,
    11.060929775238037,
    58.081876039505005,
    34.66211295127869,
    82.16040134429932,
    17.405593872070312,
    13.892902612686157,
    100.83475399017334,
    99.87346482276917,
    64.82042455673218,
    13.462913513183594,
    13.521284341812134,
    20.26051902770996,
    21.114249229431152,
    19.094571590423584,
    16.291000843048096,
    13.463269710540771,
    13.1243155002594,
    10.701040029525757,
    8.408479452133179,
    14.819546461105347,
    20.030116081237793,
    19.38204789161682,
    12.865467548370361,
    19.24895143508911,
    12.911299228668213,
    13.509523630142212,
    16.581170320510864,
    20.334805011749268,
    20.196398973464966,
    15.988823890686035,
    20.235422134399414,
    16.23096203804016,
    15.68861198425293,
    12.802265882492065,
    10.517715692520142,
    12.813931703567505,
    21.189680576324463,
    24.710108518600464,
    13.551394939422607
  ],
  "nodule": [
    2.2969329357147217,
    2.5019826889038086,
    3.0153818130493164,
    2.3762123584747314,
    2.6668972969055176,
    1.882669448852539,
    1.7650494575500488,
    1.6661384105682373,
    1.5065679550170898,
    1.596738576889038,
    1.983335256576538,
    2.08247709274292,
    11.974396228790283,
    5.3667683601379395,
    12.522887945175171,
    2.7327637672424316,
    2.125751495361328,
    13.44345498085022,
    13.23720383644104,
    11.232625246047974,
    1.935699462890625,
    2.4710283279418945,
    2.826719045639038,
    3.5842301845550537,
    2.1836094856262207,
    2.2820885181427,
    2.300180435180664,
    1.8291053771972656,
    1.845778226852417,
    1.7332346439361572,
    1.8664584159851074,
    2.436587333679199,
    2.354668140411377,
    1.777825117111206,
    2.3621699810028076,
    1.8196752071380615,
    1.7534680366516113,
    2.2011983394622803,
    3.4375672340393066,
    2.3161277770996094,
    2.509183168411255,
    2.3867855072021484,
    2.5880141258239746,
    2.445953845977783,
    1.7221534252166748,
    1.7052342891693115,
    1.6377525329589844,
    2.9482743740081787,
    3.917239189147949,
    1.8561170101165771
  ],
  "tumor": [
    19.23759365081787,
    22.759116172790527,
    22.192501544952393,
    22.33828067779541,
    12.837313175201416,
    12.12463641166687,
    10.916764259338379,
    10.915016651153564,
    10.914085865020752,
    10.831284046173096,
    14.363889455795288,
    14.115044832229614,
    38.93817090988159,
    54.00162959098816,
    66.0375726222992,
    25.41356658935547,
    19.735841035842896,
    58.42478799819946,
    57.29281997680664,
    37.69044613838196,
    14.04516339302063,
    18.8669216632843,
    21.589099407196045,
    25.163901567459106,
    19.530079126358032,
    21.931962490081787,
    21.931402444839478,
    20.64691400527954,
    20.8957679271698,
    19.922996520996094,
    21.001365900039673,
    41.15121364593506,
    40.427069902420044,
    28.3191819190979,
    59.31669855117798,
    42.08902835845947,
    44.87854552268982,
    53.82959461212158,
    72.82441926002502,
    72.42056369781494,
    70.66691088676453,
    74.41922998428345,
    49.90487813949585,
    68.89647603034973,
    50.480621099472046,
    48.1905779838562,
    49.62665796279907,
    96.2733325958252,
    93.16896629333496,
    48.65053749084473
  ],
  "ai": [
    10.517362356185913,
    11.326905488967896,
    9.956352472305298,
    9.588598251342773,
    7.510652542114258,
    7.824609041213989,
    8.285706520080566,
    8.01367449760437,
    8.35397982597351,
    8.107585668563843,
    8.340782880783081,
    7.969736099243164,
    10.517144203186035,
    13.765469312667847,
    9.047463178634644,
    9.415568351745605,
    10.363945007324219,
    4.809475898742676,
    9.424762487411499,
    10.450433254241943,
    8.086749076843262,
    8.504671573638916,
    9.804547786712646,
    10.153113603591919,
    10.456832647323608,
    9.966931104660034,
    9.476830005645752,
    0.00018787384033203125,
    0.0006763935089111328,
    0.0004754066467285156,
    0.0006468296051025391,
    0.0010542869567871094,
    0.0003495216369628906,
    0.0008146762847900391,
    0.0006444454193115234,
    0.0008349418640136719,
    0.0004878044128417969,
    0.00139617919921875,
    0.0011546611785888672,
    0.00048232078552246094,
    0.00130462646484375,
    0.0017294883728027344,
    0.0004405975341796875,
    0.0010476112365722656,
    0.0009520053863525391,
    0.0008025169372558594,
    0.0006747245788574219,
    0.0009224414825439453,
    0.0028073787689208984,
    0.0003712177276611328
  ]
}